{
    "micro_IoU": 0.941511466830845,
    "micro_Precision": 0.9698747423497701,
    "micro_Recall": 0.9698747423497701,
    "micro_F1-score": 0.9698747423497701,
    "MACRO_IoU": 0.885923733637961,
    "MACRO_Precision": 0.9364756249899688,
    "MACRO_Recall": 0.9399995151417027,
    "MACRO_F1-score": 0.9381368324182038,
    "Accuracy": 0.9698747423497701
}